{
  "metadata": [
    {
      "src": [
        {
          "files": ["**.cs"],
          "exclude": ["**/Editor/**"],
          "src": "../Assets/"
        }
      ],
      "dest": "api",
      "disableGitFeatures": false
    }
  ],
  "build": {
    "content": [
      {
        "files": [
          "api/**.yml",
          "api/index.md"
        ]
      },
      {
        "files": [
          "guides/**.md",
          "guides/**/toc.yml",
          "toc.yml",
          "*.md"
        ]
      }
    ],
    "resource": [
      {
        "files": [
          "images/**"
        ]
      }
    ],
    "sitemap": {
      "baseUrl": "https://jamessliu.com/DanmakU/"
    },
    "overwrite": [
      {
        "files": [
          "apidoc/**.md"
        ],
        "exclude": [
          "obj/**",
          "_site/**"
        ]
      }
    ],
    "globalMetadata": {
      "_appTitle": "DanmakU",
      "_appFooter": "&#0169; 2018 James Liu",
      "_enableSearch": "true",
      "_disableContribution": "false",
      "_gitContribute": {
        "repo": "https://github.com/james7132/DanmakU",
        "branch": "develop",
      }
    },
    "dest": "_site",
    "globalMetadataFiles": [],
    "fileMetadataFiles": [],
    "template": [
      "default"
    ],
    "postProcessors": [],
    "noLangKeyword": false,
    "keepFileLink": false,
    "cleanupCacheHistory": false,
    "disableGitFeatures": false
  }
}
